user_id,name,email,country
1,User 1,user1@gmail.com,Germany
2,User 2,user2@gmail.com,Tanzania
3,User 3,user3@gmail.com,Tanzania
4,User 4,user4@gmail.com,Germany
5,User 5,user5@gmail.com,Germany
6,User 6,user6@gmail.com,Tanzania
7,User 7,user7@gmail.com,Germany
8,User 8,user8@gmail.com,Tanzania
9,User 9,user9@gmail.com,Kenya
10,User 10,user10@gmail.com,Tanzania
11,User 11,user11@gmail.com,Germany
12,User 12,user12@gmail.com,Tanzania
13,User 13,user13@gmail.com,Tanzania
14,User 14,user14@gmail.com,Tanzania
15,User 15,user15@gmail.com,Kenya
16,User 16,user16@gmail.com,Germany
17,User 17,user17@gmail.com,Germany
18,User 18,user18@gmail.com,Tanzania
19,User 19,user19@gmail.com,Tanzania
20,User 20,user20@gmail.com,Germany
21,User 21,user21@gmail.com,Germany
22,User 22,user22@gmail.com,Tanzania
23,User 23,user23@gmail.com,Tanzania
24,User 24,user24@gmail.com,Germany
25,User 25,user25@gmail.com,Tanzania
26,User 26,user26@gmail.com,Kenya
27,User 27,user27@gmail.com,Tanzania
28,User 28,user28@gmail.com,Kenya
29,User 29,user29@gmail.com,Tanzania
30,User 30,user30@gmail.com,Tanzania
31,User 31,user31@gmail.com,Germany
32,User 32,user32@gmail.com,Tanzania
33,User 33,user33@gmail.com,Germany
34,User 34,user34@gmail.com,Germany
35,User 35,user35@gmail.com,Germany
36,User 36,user36@gmail.com,Tanzania
37,User 37,user37@gmail.com,Kenya
38,User 38,user38@gmail.com,Kenya
39,User 39,user39@gmail.com,Germany
40,User 40,user40@gmail.com,Tanzania
41,User 41,user41@gmail.com,Kenya
42,User 42,user42@gmail.com,Tanzania
43,User 43,user43@gmail.com,Kenya
44,User 44,user44@gmail.com,Kenya
45,User 45,user45@gmail.com,Kenya
46,User 46,user46@gmail.com,Tanzania
47,User 47,user47@gmail.com,Kenya
48,User 48,user48@gmail.com,Kenya
49,User 49,user49@gmail.com,Kenya
50,User 50,user50@gmail.com,Germany
51,User 51,user51@gmail.com,Kenya
52,User 52,user52@gmail.com,Tanzania
53,User 53,user53@gmail.com,Germany
54,User 54,user54@gmail.com,Tanzania
55,User 55,user55@gmail.com,Germany
56,User 56,user56@gmail.com,Kenya
57,User 57,user57@gmail.com,Kenya
58,User 58,user58@gmail.com,Tanzania
59,User 59,user59@gmail.com,Tanzania
60,User 60,user60@gmail.com,Kenya
61,User 61,user61@gmail.com,Germany
62,User 62,user62@gmail.com,Germany
63,User 63,user63@gmail.com,Germany
64,User 64,user64@gmail.com,Kenya
65,User 65,user65@gmail.com,Germany
66,User 66,user66@gmail.com,Germany
67,User 67,user67@gmail.com,Germany
68,User 68,user68@gmail.com,Tanzania
69,User 69,user69@gmail.com,Kenya
70,User 70,user70@gmail.com,Germany
71,User 71,user71@gmail.com,Tanzania
72,User 72,user72@gmail.com,Tanzania
73,User 73,user73@gmail.com,Tanzania
74,User 74,user74@gmail.com,Germany
75,User 75,user75@gmail.com,Tanzania
76,User 76,user76@gmail.com,Kenya
77,User 77,user77@gmail.com,Tanzania
78,User 78,user78@gmail.com,Kenya
79,User 79,user79@gmail.com,Tanzania
80,User 80,user80@gmail.com,Kenya
81,User 81,user81@gmail.com,Tanzania
82,User 82,user82@gmail.com,Germany
83,User 83,user83@gmail.com,Kenya
84,User 84,user84@gmail.com,Kenya
85,User 85,user85@gmail.com,Kenya
86,User 86,user86@gmail.com,Germany
87,User 87,user87@gmail.com,Tanzania
88,User 88,user88@gmail.com,Germany
89,User 89,user89@gmail.com,Tanzania
90,User 90,user90@gmail.com,Germany
91,User 91,user91@gmail.com,Germany
92,User 92,user92@gmail.com,Tanzania
93,User 93,user93@gmail.com,Germany
94,User 94,user94@gmail.com,Tanzania
95,User 95,user95@gmail.com,Germany
96,User 96,user96@gmail.com,Tanzania
97,User 97,user97@gmail.com,Germany
98,User 98,user98@gmail.com,Tanzania
99,User 99,user99@gmail.com,Germany
100,User 100,user100@gmail.com,Germany
